{
    "accuracy": 0.6829268292682927,
    "precision": 0.640625,
    "recall": 0.3360655737704918,
    "f1 score": 0.44086021505376344
}
