{
    "acc": 0.6837606837606838,
    "pre": 0.6506024096385542,
    "recall": 0.34951456310679613,
    "f1_score": 0.45473684210526316
}